{"cameraMode":{"drawMode":0,"name":"Shaded","section":"Shading Mode"},"sceneLighting":true,"audioPlay":false,"sceneViewState":{"m_AlwaysRefresh":false,"showFog":true,"showSkybox":true,"showFlares":true,"showImageEffects":true,"showParticleSystems":true,"showVisualEffectGraphs":true,"m_FxEnabled":true},"in2DMode":false,"pivot":{"x":0.7060385942459106,"y":1.2160719633102418,"z":0.8070575594902039},"rotation":{"x":-0.2248549461364746,"y":0.4100665748119354,"z":-0.10506099462509155,"w":-0.8776376843452454},"size":49.074790954589847,"orthographic":false}