{"cameraMode":{"drawMode":0,"name":"Shaded","section":"Shading Mode"},"sceneLighting":true,"audioPlay":false,"sceneViewState":{"m_AlwaysRefresh":false,"showFog":true,"showSkybox":true,"showFlares":true,"showImageEffects":true,"showParticleSystems":true,"showVisualEffectGraphs":true,"m_FxEnabled":true},"in2DMode":false,"pivot":{"x":13.517901420593262,"y":-0.42186009883880618,"z":17.755212783813478},"rotation":{"x":-0.23472818732261659,"y":0.4331892132759094,"z":-0.11793669313192368,"w":-0.8621724247932434},"size":22.918485641479493,"orthographic":false}